name,gender,race,title
Anjean,Female,Lokomo,The Legend of Zelda: Spirit Tracks
Carben,Male,Lokomo,The Legend of Zelda: Spirit Tracks
Cara,Female,Gerudo,The Legend of Zelda: Breath of the Wild
Flaxel,Female,Hylian,The Legend of Zelda: Breath of the Wild
Grog,Male,Hylian,The Legend of Zelda: Majora's Mask
Malena,Female,Gerudo,The Legend of Zelda: Breath of the Wild
Makar,Male,Korok,The Legend of Zelda: The Wind Waker
Mallara,Female,Hylian,The Legend of Zelda: Skyward Sword
Madame Scratchcard,Female,Human,Freshly-Picked Tingle's Rosy Rupeeland
Mack,Male,Hylian,The Legend of Zelda: The Minish Cap
Lynna City Comedian,Male,Human,The Legend of Zelda: Oracle of Ages
Keeley,Female,Hylian,The Legend of Zelda: The Minish Cap
Katta,Female,Gerudo,The Legend of Zelda: Breath of the Wild
Lucia,Female,Hylian,The Legend of Zelda: Spirit Tracks
Loone,Female,Hylian,The Legend of Zelda: Breath of the Wild
Linkle,Female,Hylian,Hyrule Warriors Legends
Ripp,Female,Gerudo,The Legend of Zelda: Breath of the Wild
Rhondson,Female,Gerudo,The Legend of Zelda: Breath of the Wild
Rem,Male,Hylian,The Legend of Zelda: The Minish Cap
Renado,Male,Human,The Legend of Zelda: Twilight Princess
Kaneli,Male,Rito,The Legend of Zelda: Breath of the Wild
Kachoo,Female,Gerudo,The Legend of Zelda: Breath of the Wild
Linebeck III,Male,Hylian,The Legend of Zelda: Spirit Tracks
Librari,Male,Minish,The Legend of Zelda: The Minish Cap
Leena,Female,Gerudo,The Legend of Zelda: Breath of the Wild
Leaf,Male,Fairy,The Legend of Zelda: Phantom Hourglass
Leop,Male,Hylian,The Legend of Zelda: Breath of the Wild
Ledd,Male,Mogma,The Legend of Zelda: Skyward Sword
Queen Ambi,Female,Human,The Legend of Zelda: Oracle of Seasons
Quince,Male,Hylian,The Legend of Zelda: Breath of the Wild
Jovani,Male,Hylian,The Legend of Zelda: Twilight Princess
June,Female,Hylian,The Legend of Zelda: The Minish Cap
Joel,Male,Hylian,The Legend of Zelda: The Wind Waker
Joe,Male,Hylian,The Legend of Zelda: Spirit Tracks
Fledge,Male,Hylian,The Legend of Zelda: Skyward Sword
Gonguron,Male,Goron,The Legend of Zelda: Breath of the Wild
Strata,Male,Wind Tribe,The Legend of Zelda: The Minish Cap
Mako,Male,Hylian,The Legend of Zelda: The Wind Waker
Robbie,Male,Sheikah,The Legend of Zelda: Breath of the Wild
Lana,Female,Hylian,Hyrule Warriors
Kayo,Male,Cobble,The Legend of Zelda: Phantom Hourglass
Stockwell,Male,Human,The Legend of Zelda: Oracle of Seasons
Luda,Female,Human,The Legend of Zelda: Twilight Princess
Lost Old Man,Male,Hylian,The Legend of Zelda: A Link to the Past
Laruto,Female,Zora,The Legend of Zelda: The Wind Waker
Lorn,Female,Gerudo,The Legend of Zelda: Breath of the Wild
Princess Hilda,Female,Hylian,The Legend of Zelda: A Link Between Worlds
Lopsa,Male,Kikwi,The Legend of Zelda: Skyward Sword
Risa,Female,Gerudo,The Legend of Zelda: Breath of the Wild
Revali,Male,Rito,The Legend of Zelda: Breath of the Wild
Jeweller,Male,Human,Freshly-Picked Tingle's Rosy Rupeeland
Japas,Male,Zora,The Legend of Zelda: Majora's Mask
Rensa,Male,Hylian,The Legend of Zelda: Breath of the Wild
Reede,Male,Hylian,The Legend of Zelda: Breath of the Wild
Kapson,Male,Zora,The Legend of Zelda: Breath of the Wild
Jakamar,Male,Hylian,The Legend of Zelda: Skyward Sword
Kalani,Female,Gerudo,The Legend of Zelda: Breath of the Wild
Kaifa,Female,Hylian,The Legend of Zelda: Breath of the Wild
Soal,Male,Hylian,The Legend of Zelda: Twilight Princess
Kortz,Male,Mogma,The Legend of Zelda: Skyward Sword
Kabetta,Male,Goron,The Legend of Zelda: Breath of the Wild
Kohm,Female,Gerudo,The Legend of Zelda: Breath of the Wild
Konba,Male,Hylian,The Legend of Zelda: Breath of the Wild
Slergo,Male,Goron,The Legend of Zelda: Breath of the Wild
Plats,Male,Mogma,The Legend of Zelda: Skyward Sword
Leila,Female,Hylian,The Legend of Zelda: The Minish Cap
Receptionist,Female,Human,The Legend of Zelda: Majora's Mask
Photo Bro,Male,Human,The Legend of Zelda: Tri Force Heroes
Racing Bros,Male,Hylian,The Legend of Zelda: A Link Between Worlds
Phantom Zelda,Female,Phantom,The Legend of Zelda: Spirit Tracks
Piper,Female,Hylian,The Legend of Zelda: Skyward Sword
Rael,Male,Lokomo,The Legend of Zelda: Spirit Tracks
Ralph,Male,Human,The Legend of Zelda: Oracle of Ages
Isha,Female,Gerudo,The Legend of Zelda: Breath of the Wild
Jules,Female,Hylian,The Legend of Zelda: Breath of the Wild
Judo,Female,Hylian,The Legend of Zelda: Majora's Mask
Impa,Female,Sheikah,The Legend of Zelda
Jora,Male,Hylian,The Legend of Zelda: Breath of the Wild
Ilari,Male,Rito,The Legend of Zelda: The Wind Waker
Jogo,Male,Hylian,The Legend of Zelda: Breath of the Wild
Charlo,Male,Hylian,The Legend of Zelda: Twilight Princess
Coliseum Receptionist,Male,Human,The Legend of Zelda: A Link Between Worlds
Nobiro,Male,Hylian,The Legend of Zelda: Breath of the Wild
Oakin,Male,Korok,The Legend of Zelda: The Wind Waker
Laroba,Female,Gerudo,The Legend of Zelda: Breath of the Wild
Stamp,Male,Hylian,The Legend of Zelda: The Minish Cap
Grandma Yahoo,Female,Human,The Legend of Zelda: Link's Awakening
Nazbi,Male,Hylian,The Legend of Zelda: Breath of the Wild
Granny,Female,Hylian,The Legend of Zelda: Ocarina of Time
Noko,Male,Anouki,The Legend of Zelda: Spirit Tracks
Laine,Female,Gerudo,The Legend of Zelda: Breath of the Wild
Maggie,Female,Hylian,The Legend of Zelda: The Wind Waker
Gregal,Male,Wind Tribe,The Legend of Zelda: The Minish Cap
Nellie,Female,Gerudo,The Legend of Zelda: Breath of the Wild
Malladus,Male,Demon,The Legend of Zelda: Spirit Tracks
Gepper,Male,Hylian,The Legend of Zelda: The Minish Cap
Krane,Male,Goron,The Legend of Zelda: Breath of the Wild
Kumu,Male,Anouki,The Legend of Zelda: Phantom Hourglass
Malo,Male,Human,The Legend of Zelda: Twilight Princess
Makure,Female,Gerudo,The Legend of Zelda: Breath of the Wild
Maike,Female,Gerudo,The Legend of Zelda: Breath of the Wild
Purah,Female,Sheikah,The Legend of Zelda: Breath of the Wild
Professor Shikashi,Male,Hylian,The Legend of Zelda: Ocarina of Time
Great Fairy,Female,Fairy,The Legend of Zelda
Princess Styla,Female,Human,The Legend of Zelda: Tri Force Heroes
Magda,Female,Hylian,The Legend of Zelda: Breath of the Wild
Madame Couture,Female,Human,The Legend of Zelda: Tri Force Heroes
Pumm,Male,Hylian,The Legend of Zelda: Skyward Sword
Strange Brothers,Male,Subrosians,The Legend of Zelda: Oracle of Seasons
Postmistress,Female , ,The Legend of Zelda: Majora's Mask
Madame Fanadi,Female,Hylian,The Legend of Zelda: Twilight Princess
Machi,Male,Kikwi,The Legend of Zelda: Skyward Sword
Lyndae,Male,Goron,The Legend of Zelda: Breath of the Wild
Jim,Male,Hylian,The Legend of Zelda: Majora's Mask
Eagus,Male,Hylian,The Legend of Zelda: Skyward Sword
Rohan,Male,Goron,The Legend of Zelda: Breath of the Wild
Jellyf,Female,Parella,The Legend of Zelda: Skyward Sword
Robsten,Male,Hylian,The Legend of Zelda: Breath of the Wild
Dungeon Bro,Male,Hylian,The Legend of Zelda: A Link Between Worlds
Kaysa,Female,Great Fairy,The Legend of Zelda: Breath of the Wild
Great Fairy of Flame,Female,Great Fairy,The Legend of Zelda: Four Swords
Rogaro,Male,Goron,The Legend of Zelda: Breath of the Wild
Simon,Male,Hylian,The Legend of Zelda: The Minish Cap
Kass,Male,Rito,The Legend of Zelda: Breath of the Wild
Lukan,Female,Gerudo,The Legend of Zelda: Breath of the Wild
Shitate,Male,Hylian,The Legend of Zelda: Spirit Tracks
Sparrot,Male,Hylian,The Legend of Zelda: Skyward Sword
King Tuft,Male,Human,The Legend of Zelda: Tri Force Heroes
Zyle,Male,Hylian,The Legend of Zelda: Breath of the Wild
Smaude,Female,Gerudo,The Legend of Zelda: Breath of the Wild
Little Brother Beaver,Male,Beaver,The Legend of Zelda: Majora's Mask
Sokra the Prophet,Male,Hylian,The Legend of Zelda: Oracle of Seasons
Zora Link,Male,Zora,The Legend of Zelda: Majora's Mask
Rivan,Male,Zora,The Legend of Zelda: Breath of the Wild
Lolly,Male,Hylian,The Legend of Zelda: The Minish Cap
Riju,Female,Gerudo,The Legend of Zelda: Breath of the Wild
Rex,Male,Hylian,The Legend of Zelda: Breath of the Wild
King Zora,Male,Zora,The Legend of Zelda: A Link to the Past
Pompie and Vera,Female,Human,The Legend of Zelda: The Wind Waker
Regan,Male,Hylian,The Legend of Zelda: Breath of the Wild
Pirou,Male,Hylian,The Legend of Zelda: Breath of the Wild
Rhodes,Male,Hylian,The Legend of Zelda: Breath of the Wild
Parot,Male,Human,The Legend of Zelda: Oracle of Seasons
Pinkle,Female,Fairy,Freshly-Picked Tingle's Rosy Rupeeland
Karane,Female,Hylian,The Legend of Zelda: Skyward Sword
Photographer,Male,Mouse,The Legend of Zelda: Link's Awakening DX
Palme,Male,Hylian,The Legend of Zelda: Breath of the Wild
Philosopher,Male,Hylian,The Legend of Zelda: A Link Between Worlds
Karson,Male,Hylian,The Legend of Zelda: Breath of the Wild
Rima,Female,Gerudo,The Legend of Zelda: Breath of the Wild
Piaffe,Male,Hylian,The Legend of Zelda: Breath of the Wild
Hudson,Male,Hylian,The Legend of Zelda: Breath of the Wild
Ploka,Female,Gerudo,The Legend of Zelda: Breath of the Wild
Holly,Female,Human,The Legend of Zelda: Oracle of Seasons
Link,Male,Hylian,The Legend of Zelda
Ingo,Male,Hylian,The Legend of Zelda: Ocarina of Time
Ilia,Female,Human,The Legend of Zelda: Twilight Princess
Linebeck,Male,Hylian,The Legend of Zelda: Phantom Hourglass
Linder,Male,Korok,The Legend of Zelda: The Wind Waker
Naddon,Male,Goron,The Legend of Zelda: Breath of the Wild
Numar,Male,Hylian,The Legend of Zelda: Breath of the Wild
Liana,Female,Gerudo,The Legend of Zelda: Breath of the Wild
Lenzo,Male,Hylian,The Legend of Zelda: The Wind Waker
Muzu,Male,Zora,The Legend of Zelda: Breath of the Wild
Reagah,Male,Goron,The Legend of Zelda: Breath of the Wild
Obli,Male,Human,The Legend of Zelda: The Wind Waker
Kagoron,Male,Goron,The Legend of Zelda: Spirit Tracks
Rafton,Male,Human,The Legend of Zelda: Oracle of Ages
Goron Merchant,Male,Goron,The Legend of Zelda: The Minish Cap
Ramella,Female,Gerudo,The Legend of Zelda: Breath of the Wild
Nell,Male,Hylian,The Legend of Zelda: Breath of the Wild
Navi,Female,Fairy,The Legend of Zelda: Ocarina of Time
Quill,Male,Rito,The Legend of Zelda: The Wind Waker
Goselle,Female,Hylian,The Legend of Zelda: Skyward Sword
Ralera,Female,Hylian,The Legend of Zelda: Breath of the Wild
Greyson,Male,Goron,The Legend of Zelda: Breath of the Wild
Pyra,Female,Gerudo,The Legend of Zelda: Breath of the Wild
Great Moblin,Male,Moblin,The Legend of Zelda: Oracle of Seasons
Gor Ebizo,Male,Goron,The Legend of Zelda: Twilight Princess
Great Fairy of Wisdom,Female,Great Fairy,The Legend of Zelda: Ocarina of Time
Juney,Female,Hylian,The Legend of Zelda: Breath of the Wild
Gonzo,Male,Hylian,The Legend of Zelda: The Wind Waker
Great Fairy of Power,Female,Great Fairy,The Legend of Zelda: Ocarina of Time
Dugby,Male,Goron,The Legend of Zelda: Breath of the Wild
Julietta,Female,Hylian,The Legend of Zelda: The Minish Cap
Great Dragonfly Fairy,Female,Fairy,The Legend of Zelda: The Minish Cap
Joute,Male,Hylian,The Legend of Zelda: Breath of the Wild
Joynas,Female,Hylian,The Legend of Zelda: Spirit Tracks
Jolene,Female,Hylian,The Legend of Zelda: Phantom Hourglass
Elma,Male,Korok,The Legend of Zelda: The Wind Waker
Dorian,Male,Sheikah,The Legend of Zelda: Breath of the Wild
Dodoh,Male,Hylian,The Legend of Zelda: Skyward Sword
Shibo,Male,Hylian,The Legend of Zelda: Breath of the Wild
Joanna,Female,Hylian,The Legend of Zelda: The Wind Waker
Sir Combsly,Male,Human,The Legend of Zelda: Tri Force Heroes
Steem,Male,Lokomo,The Legend of Zelda: Spirit Tracks
Lashley,Female,Gerudo,The Legend of Zelda: Breath of the Wild
Steroido,Male,Human,Freshly-Picked Tingle's Rosy Rupeeland
King Dorephan,Male,Zora,The Legend of Zelda: Breath of the Wild
Lakeside Item Seller,Male,Hylian,The Legend of Zelda: A Link Between Worlds
Shady Guy,Male,Hylian,The Legend of Zelda: A Link Between Worlds
Princess Zelda,Female,Hylian,The Legend of Zelda
Kyra,Female,Gerudo,The Legend of Zelda: Breath of the Wild
Koyin,Female,Hylian,The Legend of Zelda: Breath of the Wild
King Mutoh,Male,Cobble,The Legend of Zelda: Phantom Hourglass
Lasli,Female,Sheikah,The Legend of Zelda: Breath of the Wild
Zauz,Male,Cobble,The Legend of Zelda: Phantom Hourglass
Proxi,Female,Fairy,Hyrule Warriors
Purlo,Male,Human,The Legend of Zelda: Twilight Princess
Pruce,Male,Hylian,The Legend of Zelda: Breath of the Wild
Pritana,Female,Gerudo,The Legend of Zelda: Breath of the Wild
Klaus,Male,Hylian,The Legend of Zelda: The Minish Cap
Prince Ralis,Male,Zora,The Legend of Zelda: Twilight Princess
Kukiel,Female,Hylian,The Legend of Zelda: Skyward Sword
Younger Racing Bro,Male,Hylian,The Legend of Zelda: A Link Between Worlds
Zonma,Female,Human,Freshly-Picked Tingle's Rosy Rupeeland
Yeta,Female,Yeti,The Legend of Zelda: Twilight Princess
Potova,Female,Hylian,The Legend of Zelda: The Wind Waker
Pergie,Female ,Human,The Legend of Zelda: Twilight Princess
Prissen,Male,Hylian,The Legend of Zelda: Breath of the Wild
Peatrice,Female,Hylian,The Legend of Zelda: Skyward Sword
Powder Keg Seller,Male,Goron,The Legend of Zelda: Majora's Mask
Patch,Male,Human,The Legend of Zelda: Oracle of Ages
Yamori,Male,Ninja,Freshly-Picked Tingle's Rosy Rupeeland
Yaido,Female,Gerudo,The Legend of Zelda: Breath of the Wild
Jerrin,Female,Hylian,The Legend of Zelda: Breath of the Wild
Papahl,Male,Human,The Legend of Zelda: Link's Awakening
Paige,Female,Hylian,The Legend of Zelda: The Minish Cap
Pelison,Male,Goron,The Legend of Zelda: Breath of the Wild
Jana,Female,Hylian,The Legend of Zelda: Breath of the Wild
Jasmine,Female,Hylian,The Legend of Zelda: The Minish Cap
Hoskit,Male,Rito,The Legend of Zelda: The Wind Waker
Splitblade,Male,Hylian,The Legend of Zelda: The Minish Cap
Olivio,Male,Korok,The Legend of Zelda: The Wind Waker
Horwell,Male,Hylian,The Legend of Zelda: Skyward Sword
Old Wayfarer,Male,Human,The Legend of Zelda: Phantom Hourglass
Henhouse Keeper,Male,Human,The Legend of Zelda: Link's Awakening
Sophie,Female,Hylian,The Legend of Zelda: Breath of the Wild
Hestu,Male,Korok,The Legend of Zelda: Breath of the Wild
Heehl,Male,Goron,The Legend of Zelda: Breath of the Wild
Sleeping Zelda,Female,Hylian,Zelda II: The Adventure of Link
Nanna,Female,Sheikah,The Legend of Zelda: Breath of the Wild
Happy Mask Salesman,Male, ,The Legend of Zelda: Ocarina of Time
Kotta,Female,Gerudo,The Legend of Zelda: Breath of the Wild
Nackle,Male,Mogma,The Legend of Zelda: Skyward Sword
Koko,Female,Sheikah,The Legend of Zelda: Breath of the Wild
Komali,Male,Rito,The Legend of Zelda: The Wind Waker
Kodah,Female,Zora,The Legend of Zelda: Breath of the Wild
Kofu,Male,Anouki,The Legend of Zelda: Spirit Tracks
Muava,Female,Gerudo,The Legend of Zelda: Breath of the Wild
Haite,Female,Hylian,The Legend of Zelda: Breath of the Wild
Knuckle,Male,Hylian,The Legend of Zelda: The Wind Waker
Grand Fairy,Female,Fairy,Freshly-Picked Tingle's Rosy Rupeeland
Poe Collector,Male, ,The Legend of Zelda: Ocarina of Time
Gotter,Male,Hylian,The Legend of Zelda: Breath of the Wild
Pokki,Female,Gerudo,The Legend of Zelda: Breath of the Wild
Pipit,Male,Hylian,The Legend of Zelda: Skyward Sword
Gorman,Male,Hylian,The Legend of Zelda: Majora's Mask
Pierre,Male,Scarecrow,The Legend of Zelda: Ocarina of Time
Golo,Male,Goron,The Legend of Zelda: Skyward Sword
Iza,Female,Human,The Legend of Zelda: Twilight Princess
Drak,Male,Goron,The Legend of Zelda: Breath of the Wild
Gleema,Female,Hylian,The Legend of Zelda: Breath of the Wild
Phanna,Female,Hylian,The Legend of Zelda: Breath of the Wild
Item Trader,Male,Goriya,The Legend of Zelda: Link's Awakening
Giant Turtle,Neuter,Turtle,The Legend of Zelda: Majora's Mask
Dovos,Male,Hylian,The Legend of Zelda: Skyward Sword
Island Chief,Male,Anouki,The Legend of Zelda: Phantom Hourglass
Ivee,Female,Hylian,The Legend of Zelda: Breath of the Wild
Gorko,Male,Goron,The Legend of Zelda: Skyward Sword
Innkeeper,Male,Hylian,The Legend of Zelda: A Link to the Past
Irene,Female,Hylian,The Legend of Zelda: A Link Between Worlds
Doylan,Male,Cobble,The Legend of Zelda: Phantom Hourglass
Igos du Ikana,Male,Stalfos,The Legend of Zelda: Majora's Mask
Impaz,Female,Sheikah,The Legend of Zelda: Twilight Princess
Doc Bandam,Male,Hylian,The Legend of Zelda: The Wind Waker
Octo,Unknown,Octorok,The Legend of Zelda: A Link Between Worlds
Deppi,Unknown,Deku Scrub,The Legend of Zelda: Four Swords Adventures
Inga,Female,Human,The Legend of Zelda: Oracle of Seasons
Shaillu,Female,Gerudo,The Legend of Zelda: Breath of the Wild
Derby Boy,Male,Hylian,The Legend of Zelda: A Link Between Worlds
Dorill,Male,Goron,The Legend of Zelda: Breath of the Wild
Niko,Male,Hylian,The Legend of Zelda: The Wind Waker
Shadow Link,Male, ,The Legend of Zelda: Four Swords Adventures
Nekk,Male,Rito,The Legend of Zelda: Breath of the Wild
Nikki,Female,Hylian,The Legend of Zelda: Breath of the Wild
Nebb,Male,Hylian,The Legend of Zelda: Breath of the Wild
Sayge,Male,Hylian,The Legend of Zelda: Breath of the Wild
Zant,Male,Twili,The Legend of Zelda: Twilight Princess
Great Mayfly Fairy,Female,Fairy,The Legend of Zelda: The Minish Cap
Yunobo,Male,Goron,The Legend of Zelda: Breath of the Wild
Great Fairy of Ice,Female,Great Fairy,The Legend of Zelda: Four Swords
Kheel,Female,Rito,The Legend of Zelda: Breath of the Wild
Great Fairy of Kindness,Female,Great Fairy,The Legend of Zelda: Majora's Mask
Great Butterfly Fairy,Female,Fairy,The Legend of Zelda: The Minish Cap
Great Fairy of Courage,Female,Great Fairy,The Legend of Zelda: Ocarina of Time
Graveyard Boy,Male,Hylian,The Legend of Zelda: Ocarina of Time
Elsie,Female,Cow,The Legend of Zelda: The Minish Cap
Kenzo,Male,Human,The Legend of Zelda: Spirit Tracks
Yerbal,Male,Kikwi,The Legend of Zelda: Skyward Sword
Greta,Female,Gerudo,The Legend of Zelda: Breath of the Wild
Zanc,Male,Mogma,The Legend of Zelda: Skyward Sword
Dunma,Female,Zora,The Legend of Zelda: Breath of the Wild
Duke Onkled,Male,Hylian,Zelda: The Wand of Gamelon
Woman,Female,Hylian,The Legend of Zelda: A Link Between Worlds
Oshus,Male,Deity (Appears ,The Legend of Zelda: Phantom Hourglass
Wise One,Female,Hylian,The Legend of Zelda: Spirit Tracks
Willi,Male,Human,The Legend of Zelda: The Wind Waker
Silva,Male,Mogma,The Legend of Zelda: Skyward Sword
Ooccoo,Female,Oocca,The Legend of Zelda: Twilight Princess
Gully,Male,Hylian,The Legend of Zelda: Skyward Sword
Sidekick,Male,Human,The Legend of Zelda: Oracle of Ages
Ollie,Male,Sheikah,The Legend of Zelda: Breath of the Wild
Gruve,Male,Zora,The Legend of Zelda: Breath of the Wild
Old Woman,Female,Hylian,The Legend of Zelda
Mona,Female,Hylian,The Legend of Zelda: Spirit Tracks
King of Hyrule,Male,Hylian,Zelda II: The Adventure of Link
Herb,Male,Hylian,The Legend of Zelda: The Minish Cap
King Rhoam,Male,", ",The Legend of Zelda: Breath of the Wild
Harth,Male,Rito,The Legend of Zelda: Breath of the Wild
King of Hyrule,Male,Hylian,Zelda II: The Adventure of Link
Olu,Female,Gerudo,The Legend of Zelda: Breath of the Wild
ZuZu,Male,Human,Freshly-Picked Tingle's Rosy Rupeeland
Zill,Male,Hylian,The Legend of Zelda: The Wind Waker
Gumo,Unknown,Anouki,The Legend of Zelda: Phantom Hourglass
Morshu,Male,Koridian,Link: The Faces of Evil
Paya,Female,Sheikah,The Legend of Zelda: Breath of the Wild
Pearle,Female,Gerudo,The Legend of Zelda: Breath of the Wild
Death Mountain Trail Gatekeeper,Male,Hylian,The Legend of Zelda: Ocarina of Time
Pasha,Female,Gerudo,The Legend of Zelda: Breath of the Wild
Pamela,Female,Human,The Legend of Zelda: Majora's Mask
Padda,Female,Gerudo,The Legend of Zelda: Breath of the Wild
Owl,Male,Owl,The Legend of Zelda: Link's Awakening
Salvatore,Male,Hylian,The Legend of Zelda: The Wind Waker
Papa,Male,Hylian,The Legend of Zelda: A Link Between Worlds
Parrow,Male,Hylian,The Legend of Zelda: Skyward Sword
Hoz,Male,Hylian,The Legend of Zelda: Breath of the Wild
Horg,Male,Hylian,The Legend of Zelda: Skyward Sword
Deku Butler,Male,Deku Scrub,The Legend of Zelda: Majora's Mask
Hollo,Male,Korok,The Legend of Zelda: The Wind Waker
Minister Potho,Male,Hylian,The Legend of Zelda: The Minish Cap
Hippo Model,Female,Hippo,The Legend of Zelda: Link's Awakening
Hero of Time,Male,Hylian,The Legend of Zelda: Ocarina of Time
Devilish Girl,Female,Demon,The Legend of Zelda: A Link Between Worlds
Mimi,Female, ,The Legend of Zelda: A Link Between Worlds
Demise,Male,Demon,The Legend of Zelda: Skyward Sword
Narah,Female,Hylian,The Legend of Zelda: Breath of the Wild
Milk Bar Owner,Male,Hylian,The Legend of Zelda: A Link Between Worlds
Nat,Female,Hylian,The Legend of Zelda: Breath of the Wild
Sesami,Male,Hylian,The Legend of Zelda: Breath of the Wild
Nabooru,Female,Gerudo,The Legend of Zelda: Ocarina of Time
Dillie,Male,Hylian,The Legend of Zelda: Breath of the Wild
Sefaro,Male,Hylian,The Legend of Zelda: Breath of the Wild
Waveblade,Male,Hylian,The Legend of Zelda: The Minish Cap
Nack,Male,Hylian,The Legend of Zelda: Breath of the Wild
Grandma,Female,Hylian,The Legend of Zelda: The Wind Waker
Mubs,Female,Hylian,The Legend of Zelda: Breath of the Wild
Goron Elder,Male,Goron,The Legend of Zelda: Majora's Mask
Fyson,Male,Rito,The Legend of Zelda: Breath of the Wild
Worten,Male,Hylian,The Legend of Zelda: Breath of the Wild
Wryna,Female,Hylian,The Legend of Zelda: Skyward Sword
Doyle,Male,Hylian,The Legend of Zelda: Majora's Mask
Wheaton,Male,Hylian,The Legend of Zelda: The Minish Cap
Domidak,Male,Hylian,The Legend of Zelda: Breath of the Wild
Old Lady from the Bomb Shop,Female,Hylian,The Legend of Zelda: Majora's Mask
Darbus,Male,Goron,The Legend of Zelda: Twilight Princess
Old Gent,Male,Human,Freshly-Picked Tingle's Rosy Rupeeland
Rusl,Male,Human,The Legend of Zelda: Twilight Princess
Rupin,Male,Hylian,The Legend of Zelda: Skyward Sword
Modar,Male,Goron,The Legend of Zelda: Breath of the Wild
Shad,Male,Hylian,The Legend of Zelda: Twilight Princess
King Bulblin,Male,Bulblin,The Legend of Zelda: Twilight Princess
Mermaid,Female,Mermaid,The Legend of Zelda: Link's Awakening
Georgio,Male,Hylian,The Legend of Zelda: Spirit Tracks
Gazpacho,Male,Human,The Legend of Zelda: Phantom Hourglass
Mellie,Female,Sheikah,The Legend of Zelda: Breath of the Wild
Garill,Male,Hylian,The Legend of Zelda: Breath of the Wild
Yeto,Male,Yeti,The Legend of Zelda: Twilight Princess
Deku King,Male,Deku Scrub,The Legend of Zelda: Majora's Mask
Yefu,Male,Anouki,The Legend of Zelda: Spirit Tracks
Melari,Male,Minish,The Legend of Zelda: The Minish Cap
Decci,Unknown,Deku Scrub,The Legend of Zelda: Four Swords Adventures
Venus,Female,Fairy,The Legend of Zelda: A Link to the Past
Dazzle Lyphos,Male,Hyrulean (assumed),Freshly-Picked Tingle's Rosy Rupeeland
Young Woman,Female,Hylian,The Legend of Zelda: A Link Between Worlds
Tyto,Male,Mogma,The Legend of Zelda: Skyward Sword
Uli,Female,Human,The Legend of Zelda: Twilight Princess
Oliff,Male,Hylian,The Legend of Zelda: Breath of the Wild
Minenco,Female,Hylian,The Legend of Zelda: The Wind Waker
Hena,Female,Human,The Legend of Zelda: Twilight Princess
Fierce Deity Link,Male,/,The Legend of Zelda: Majora's Mask
Milo,Male,Hylian,The Legend of Zelda: Spirit Tracks
Dalia,Female,Gerudo,The Legend of Zelda: Breath of the Wild
Guy,Male,Rito,The Legend of Zelda: Breath of the Wild
Cursed Fairy,Female,Great Fairy,The Legend of Zelda: A Link to the Past
Hailey,Female,Wind Tribe,The Legend of Zelda: The Minish Cap
Rown,Male,Korok,The Legend of Zelda: The Wind Waker
Monster Lady,Female,Bow Moblin,The Legend of Zelda: The Minish Cap
Gondo,Male,Hylian,The Legend of Zelda: Skyward Sword
Viscen,Male,Hylian,The Legend of Zelda: Majora's Mask
Mayor Dotour,Male,Hylian,The Legend of Zelda: Majora's Mask
Fronk,Male,Zora,The Legend of Zelda: Breath of the Wild
Mountain Goddess,Female,Deity,The Legend of Zelda: Spirit Tracks
Gina,Female,Ghini,The Legend of Zelda: The Minish Cap
Rose,Female,Hylian,The Legend of Zelda: The Wind Waker
Darmani III,Male,Goron,The Legend of Zelda: Majora's Mask
Master Diver,Male,Human,The Legend of Zelda: Oracle of Seasons
Golden Chief Cylos,Male,Golden Frog,The Legend of Zelda: Phantom Hourglass
Marcy,Female,Hylian,The Legend of Zelda: The Minish Cap
Gillian,Female,Hylian,The Legend of Zelda: The Wind Waker
Danton,Male,Hylian,The Legend of Zelda: Breath of the Wild
Derby Girl,Female,Hylian,The Legend of Zelda: A Link Between Worlds
Tula,Female,Zora,The Legend of Zelda: Breath of the Wild
Russell,Male,Hylian,The Legend of Zelda: Spirit Tracks
Deltan,Female,Gerudo,The Legend of Zelda: Breath of the Wild
Ruli,Female,Hylian,The Legend of Zelda: Breath of the Wild
Sera,Female,Human,The Legend of Zelda: Twilight Princess
Seldon,Male,Hylian,The Legend of Zelda: Breath of the Wild
Tracy,Female,Human,The Legend of Zelda: Link's Awakening
Rusta,Male,Hylian,The Legend of Zelda: Skyward Sword
Merco,Male,Mogma,The Legend of Zelda: Skyward Sword
Evan,Male,Zora,The Legend of Zelda: Majora's Mask
Mei,Female,Zora,The Legend of Zelda: Breath of the Wild
Scarper,Male,Human,Freshly-Picked Tingle's Rosy Rupeeland
Estan,Female,Gerudo,The Legend of Zelda: Breath of the Wild
Medigoron,Male,Goron,The Legend of Zelda: Ocarina of Time
Saula,Female,Gerudo,The Legend of Zelda: Breath of the Wild
Victoria,Female,Human,Freshly-Picked Tingle's Rosy Rupeeland
Colin,Male,Human,The Legend of Zelda: Twilight Princess
Craftsman,Male,Hylian,The Legend of Zelda: A Link Between Worlds
Vaati,Male, (after transforming),The Legend of Zelda: Four Swords
Romanos,Male,Human,The Legend of Zelda: Phantom Hourglass
Twinrova,Female,Gerudo,The Legend of Zelda: Ocarina of Time
Crenel Hermit,Male,Hylian,The Legend of Zelda: The Minish Cap
Man Carrying Sack,Male,Hylian,The Legend of Zelda: Ocarina of Time
Mama Turtle,Female ,Turtle,The Legend of Zelda: A Link Between Worlds
Twin Jugglers,Male,Hylian,The Legend of Zelda: Ocarina of Time
Guld,Male,Mogma,The Legend of Zelda: Skyward Sword
Monari,Female,Hylian,The Legend of Zelda: Breath of the Wild
Faux Hero,Male,Human,The Legend of Zelda: Tri Force Heroes
Emri,Female,Gerudo,The Legend of Zelda: Breath of the Wild
Clavia,Female,Hylian,The Legend of Zelda: Breath of the Wild
Daily Riches Owner,Male,Human,The Legend of Zelda: Tri Force Heroes
Ciela,Female,Fairy,The Legend of Zelda: Phantom Hourglass
Gentari,Male,Minish,The Legend of Zelda: The Minish Cap
Moe,Male,Moblin,The Legend of Zelda: The Wind Waker
Chuckles,Male,Human,Freshly-Picked Tingle's Rosy Rupeeland
Garini,Male,Hylian,The Legend of Zelda: Breath of the Wild
Chork,Male,Hylian,The Legend of Zelda: Breath of the Wild
Dekki,Male,Deku Scrub,The Legend of Zelda: Four Swords Adventures
Master Craftsman,Male,Hylian,The Legend of Zelda: Ocarina of Time
Tonpei,Male,Human?,Freshly-Picked Tingle's Rosy Rupeeland
Toffa,Male,Hylian,The Legend of Zelda: Breath of the Wild
Match Master,Male,Human,The Legend of Zelda: Tri Force Heroes
Marta,Female,Gerudo,The Legend of Zelda: Breath of the Wild
Darunia,Male,Goron,The Legend of Zelda: Ocarina of Time
Manny,Male,Hylian,The Legend of Zelda: The Wind Waker
Chio,Male,Korok,The Legend of Zelda: Breath of the Wild
Satchel,Male,Hylian,The Legend of Zelda: The Minish Cap
Tulin,Male,Rito,The Legend of Zelda: Breath of the Wild
Saki,Female,Rito,The Legend of Zelda: Breath of the Wild
Treasure Teller,Male,Hylian,The Legend of Zelda: Phantom Hourglass
Darton,Male,Hylian,The Legend of Zelda: Breath of the Wild
Chef Bear,Female,Bear,The Legend of Zelda: Link's Awakening
Mimo,Male,Rito,The Legend of Zelda: Breath of the Wild
Celessa,Female,Hylian,The Legend of Zelda: Breath of the Wild
Tick Tock,Male,Human,The Legend of Zelda: Oracle of Seasons
Mike,Male,Human,Freshly-Picked Tingle's Rosy Rupeeland
Mido,Male,Kokiri,The Legend of Zelda: Ocarina of Time
Mighty Muscles,Male,Human,Freshly-Picked Tingle's Rosy Rupeeland
Eryck,Male,Hylian,The Legend of Zelda: Breath of the Wild
Tenne,Female,Hylian,The Legend of Zelda: Breath of the Wild
Falmark,Male,Hylian,The Legend of Zelda: Breath of the Wild
Gramps,Male,Hylian,The Legend of Zelda: A Link Between Worlds
Teli,Male,Hylian,The Legend of Zelda: Breath of the Wild
Grapp,Male,Goron,The Legend of Zelda: Breath of the Wild
Coro,Male,Human,The Legend of Zelda: Twilight Princess
Floodgate Keeper,Male,Human,The Legend of Zelda: Oracle of Seasons
Wadatsumi,Male,Hylian,The Legend of Zelda: Spirit Tracks
Malon,Female, ,The Legend of Zelda: Ocarina of Time
Dobo,Unknown,Anouki,The Legend of Zelda: Phantom Hourglass
Cawlin,Male,Hylian,The Legend of Zelda: Skyward Sword
Volcon,Male,Goron,The Legend of Zelda: Breath of the Wild
Fuzo,Male,Human,The Legend of Zelda: Phantom Hourglass
Shabonne,Female,Gerudo,The Legend of Zelda: Breath of the Wild
Romani,Female,Hylian,The Legend of Zelda: Majora's Mask
Frita,Female,Rito,The Legend of Zelda: Breath of the Wild
Tasseren,Male,Hylian,The Legend of Zelda: Breath of the Wild
Maiden,Female, ,The Legend of Zelda: A Link to the Past
Frelly,Female,Gerudo,The Legend of Zelda: Breath of the Wild
Cobal,Male,Mogma,The Legend of Zelda: Skyward Sword
Sweetie and Boyfriend,Female,Human,The Legend of Zelda: Four Swords Adventures
Osfala,Male,Hylian,The Legend of Zelda: A Link Between Worlds
Mamamu Yan,Female,Hylian,The Legend of Zelda: Ocarina of Time
Gustaf,Male,Hylian,The Legend of Zelda: The Minish Cap
Sturgeon,Male,Hylian,The Legend of Zelda: The Wind Waker
Toon Zelda,Female,Hylian,Hyrule Warriors
Madame Aroma,Female,Hylian,The Legend of Zelda: Majora's Mask
Luv,Female,Hylian,The Legend of Zelda: Skyward Sword
Dina,Female,Hylian,The Legend of Zelda: The Minish Cap
Daphnes Nohansen Hyrule,Male,Hylian,Hyrule Warriors
Canni,Female,Hylian,The Legend of Zelda: Breath of the Wild
Calisa,Female,Gerudo,The Legend of Zelda: Breath of the Wild
Senna,Female,Hylian,The Legend of Zelda: Breath of the Wild
Mama,Female,Hylian,The Legend of Zelda: The Minish Cap
Savelle,Male,Hylian,The Legend of Zelda: Breath of the Wild
Embrose,Male,Lokomo,The Legend of Zelda: Spirit Tracks
Old Timer,Male,Human,The Legend of Zelda: Four Swords Adventures
CiaoCiao,Female,Chain Chomp,The Legend of Zelda: Link's Awakening
Keet,Male,Hylian,The Legend of Zelda: Skyward Sword
Runaway Item Seller,Male,Hylian,The Legend of Zelda: A Link Between Worlds
Lulu,Female,Zora,The Legend of Zelda: Majora's Mask
Gartan,Male,Hylian,The Legend of Zelda: Breath of the Wild
Dancing Couple,Male & Female,Hylians,The Legend of Zelda: Ocarina of Time
Daruk,Male,Goron,The Legend of Zelda: Breath of the Wild
Brocco,Male,Hylian,The Legend of Zelda: The Minish Cap
Merina,Female,Gerudo,The Legend of Zelda: Breath of the Wild
Loyal Sage,Male,Hylian,The Legend of Zelda: A Link to the Past
Bremor,Male,Hylian,The Legend of Zelda: Majora's Mask
Tingle Siblings?,Male,Hylian,The Legend of Zelda: The Wind Waker
Wandering Merchant,Male,Goron,The Legend of Zelda: The Wind Waker
Thomas,Male,Human,The Legend of Zelda: Oracle of Ages
Links,Male,Hylian,The Legend of Zelda: Four Swords
Medli,Female,Rito,The Legend of Zelda: The Wind Waker
BowWow,Male,Chain Chomp,The Legend of Zelda: Link's Awakening
Rito Chieftain,Male,Rito,The Legend of Zelda: The Wind Waker
Dante,Male,Human,Freshly-Picked Tingle's Rosy Rupeeland
Vilia,Female,Hylian,The Legend of Zelda: Breath of the Wild
Bombchu Bowling Alley Operator,Female,Hylian,The Legend of Zelda: Ocarina of Time
Cecili,Female,Rito,The Legend of Zelda: Breath of the Wild
Uma,Female,Hylian,The Legend of Zelda: Breath of the Wild
Carlov,Male,Hylian,The Legend of Zelda: The Wind Waker
Veteran Thief,Male,Hylian,The Legend of Zelda: A Link Between Worlds
Tera,Female,Great Fairy,The Legend of Zelda: Breath of the Wild
Rei,Female,Hylian,The Legend of Zelda: Spirit Tracks
Mayor Plen,Male,Human,The Legend of Zelda: Oracle of Ages
Bladon,Male,Goron,The Legend of Zelda: Breath of the Wild
Rosa,Female,Subrosian,The Legend of Zelda: Oracle of Seasons
Verona,Female,Hylian,The Legend of Zelda: The Minish Cap
Reeza,Female,Gerudo,The Legend of Zelda: Breath of the Wild
Teba,Male,Rito,The Legend of Zelda: Breath of the Wild
Maple,Female,Human,The Legend of Zelda: Oracle of Seasons
Tatl,Female,Fairy,The Legend of Zelda: Majora's Mask
Unnamed Baby,Female,Hylian,The Legend of Zelda: Skyward Sword
Bipin,Male,Human,The Legend of Zelda: Oracle of Seasons
Tarin,Male,Human,The Legend of Zelda: Link's Awakening
Bertri,Female,Gerudo,The Legend of Zelda: Breath of the Wild
Tray,Male,Goron,The Legend of Zelda: Breath of the Wild
Tali,Female,Gerudo,The Legend of Zelda: Breath of the Wild
Benja,Male,Hylian,The Legend of Zelda: Breath of the Wild
Finley,Female,Zora,The Legend of Zelda: Breath of the Wild
Kamaro,Male,Hylian,The Legend of Zelda: Majora's Mask
Symin,Male,Sheikah,The Legend of Zelda: Breath of the Wild
Beedle,Male,Human,The Legend of Zelda: The Wind Waker
Treasure Hunter,Unknown,Human,The Legend of Zelda: A Link Between Worlds
Kairo,Male,Goron,The Legend of Zelda: Breath of the Wild
Festari,Male,Minish,The Legend of Zelda: The Minish Cap
Swiftblade,Male,Hylian,The Legend of Zelda: The Minish Cap
Kafei,Male,Hylian,The Legend of Zelda: Majora's Mask
Fishing Hole Man,Male,Hylian,The Legend of Zelda: Ocarina of Time
Barnes,Male,Human,The Legend of Zelda: Twilight Princess
Tortus,Male,Hylian,The Legend of Zelda: Majora's Mask
Dai,Male,Hylian,The Legend of Zelda: Breath of the Wild
Bard,Male,Human,The Legend of Zelda: A Link Between Worlds
Chudley,Male,Hylian,The Legend of Zelda: Twilight Princess
Linda,Female,Hylian,The Legend of Zelda: The Wind Waker
Cano,Male,Canine,Freshly-Picked Tingle's Rosy Rupeeland
Dabi,Male,Hylian,The Legend of Zelda: Breath of the Wild
Calyban,Female,Gerudo,The Legend of Zelda: Breath of the Wild
Azu,Male,Hylian,The Legend of Zelda: Breath of the Wild
Cucco Lady,Female,Hylian,The Legend of Zelda: Ocarina of Time
Leekah,Female,Hylian,The Legend of Zelda: Breath of the Wild
Aveil,Female,Gerudo,The Legend of Zelda: Majora's Mask
Cado,Male,Sheikah,The Legend of Zelda: Breath of the Wild
Talo,Male,Human,The Legend of Zelda: Twilight Princess
Rosso,Male,Hylian,The Legend of Zelda: A Link Between Worlds
Ashei,Female,Human,The Legend of Zelda: Twilight Princess
Bulu,Male,Anouki,The Legend of Zelda: Spirit Tracks
Ronny,Male,Human,Freshly-Picked Tingle's Rosy Rupeeland
Rauru,Male,Hylian,The Legend of Zelda: Ocarina of Time
Master Kohga,Male,Sheikah,The Legend of Zelda: Breath of the Wild
Mash,Male,Hylian,The Legend of Zelda: Spirit Tracks
Brac,Male,Human,The Legend of Zelda: Majora's Mask
Brokka,Female,Hylian,The Legend of Zelda: Breath of the Wild
Brent,Male,Hylian,The Legend of Zelda: The Minish Cap
Amira,Female,Hylian,The Legend of Zelda: Breath of the Wild
Belari,Male,Minish,The Legend of Zelda: The Minish Cap
Brant,Male,Cobble,The Legend of Zelda: Phantom Hourglass
Marilla,Female,Hylian,The Legend of Zelda: Majora's Mask
Man on a Roof,Male,Hylian,The Legend of Zelda: Ocarina of Time
Boy,Male,Hylian,The Legend of Zelda: A Link Between Worlds
Arizona,Male,Human,Freshly-Picked Tingle's Rosy Rupeeland
Pyle,Male,Goron,The Legend of Zelda: Breath of the Wild
Agitha,Female,Hylian,The Legend of Zelda: Twilight Princess
Borlov,Male,Hylian,The Legend of Zelda: The Minish Cap
Abe,Male,Hylian,The Legend of Zelda: The Wind Waker
Marshall,Male,Hylian,The Legend of Zelda: The Minish Cap
Domingo,Male,Human,Freshly-Picked Tingle's Rosy Rupeeland
King Daltus,Male,Hylian,The Legend of Zelda: The Minish Cap
Traysi,Female,Hylian,The Legend of Zelda: Breath of the Wild
Johnny,Male,Human,Freshly-Picked Tingle's Rosy Rupeeland
Fairy Queen,Female,Fairy,The Legend of Zelda: A Link to the Past
Henya,Female,Hylian,The Legend of Zelda: Skyward Sword
Strade,Male,Goron,The Legend of Zelda: Breath of the Wild
Falbi,Male,Hylian,The Legend of Zelda: Twilight Princess
Bipsom,Male,Human,The Legend of Zelda: Oracle of Seasons
Biggoron,Male,Goron,The Legend of Zelda: Ocarina of Time
Moza,Female,Hylian,The Legend of Zelda: Breath of the Wild
Gongoron,Male,Goron,The Legend of Zelda: Phantom Hourglass
Benny,Female,Hylian,The Legend of Zelda: Breath of the Wild
Steen,Male,Sheikah,The Legend of Zelda: Breath of the Wild
Bellum,Male,Phantom,The Legend of Zelda: Phantom Hourglass
Bearded Baron,Male,Human,The Legend of Zelda: Tri Force Heroes
Laruta,Female,Zora,The Legend of Zelda: Breath of the Wild
Cucco Girl,Female,Human,The Legend of Zelda: A Link Between Worlds
Cottla,Female,Sheikah,The Legend of Zelda: Breath of the Wild
Offrak,Male,Goron,The Legend of Zelda: Breath of the Wild
Gampy,Male,Hylian,The Legend of Zelda: Majora's Mask
Baito,Male,Hylian,The Legend of Zelda: The Wind Waker
Babi,Female,Gerudo,The Legend of Zelda: Breath of the Wild
Sasan,Male,Hylian,The Legend of Zelda: Breath of the Wild
Rola,Female,Hylian,The Legend of Zelda: Breath of the Wild
Princess Ruto,Female,Zora,The Legend of Zelda: Ocarina of Time
Axyl,Male,Goron,The Legend of Zelda: Breath of the Wild
Mila,Female,Hylian,The Legend of Zelda: The Wind Waker
Prince of Hyrule,Male,Hylian,Zelda II: The Adventure of Link
Aster,Female,Hylian,The Legend of Zelda: Breath of the Wild
Volga,Male,Dragon,Hyrule Warriors
Aroo,Male,Anouki,The Legend of Zelda: Phantom Hourglass
Priest,Male,Hylian,The Legend of Zelda: A Link Between Worlds
Romio,Male,Hylian,The Legend of Zelda: The Minish Cap
Freedle,Female,Human,The Legend of Zelda: Phantom Hourglass
Danda,Female,Gerudo,The Legend of Zelda: Breath of the Wild
Mamba,Female,Yamatami Tribe,Freshly-Picked Tingle's Rosy Rupeeland
Anton,Male ,Hylian,The Legend of Zelda: The Wind Waker
Jengo,Male,Goron,The Legend of Zelda: Breath of the Wild
Anju,Female,Hylian,The Legend of Zelda: Majora's Mask
Erik,Male,Hylian,The Legend of Zelda: The Minish Cap
Twili Midna,Female,Twili,Hyrule Warriors
Janka,Female,Hylian,The Legend of Zelda: Skyward Sword
Alfonzo,Male,Hylian,The Legend of Zelda: Spirit Tracks
Aji,Male,Goron,The Legend of Zelda: Breath of the Wild
Jaggle,Male,Human,The Legend of Zelda: Twilight Princess
Adlar,Male,Human,The Legend of Zelda: Oracle of Ages
Chumin,Male,Hylian,The Legend of Zelda: Breath of the Wild
Spookter,Male,Ghost,The Legend of Zelda: The Minish Cap
Man from Curiosity Shop,Male,Hylian,The Legend of Zelda: Majora's Mask
Gorman Brothers,Male,Hylian,The Legend of Zelda: Majora's Mask
Spera,Female,Gerudo,The Legend of Zelda: Breath of the Wild
Tubert,Male,Mogma,The Legend of Zelda: Skyward Sword
Chiro,Male,Human,Freshly-Picked Tingle's Rosy Rupeeland
Dorrah,Female,Gerudo,The Legend of Zelda: Breath of the Wild
Spekter,Male,Ghost,The Legend of Zelda: The Minish Cap
Cleff,Male,Zora,The Legend of Zelda: Breath of the Wild
Tingle,Male, ,The Legend of Zelda: Majora's Mask
Erla,Male,Kikwi,The Legend of Zelda: Skyward Sword
Older Racing Bro,Male,Hylian,The Legend of Zelda: A Link Between Worlds
Konora,Female,Gerudo,The Legend of Zelda: Breath of the Wild
Tijo,Male,Zora,The Legend of Zelda: Majora's Mask
Hagie,Male,Hylian,The Legend of Zelda: Breath of the Wild
Tokkey,Male,Human,The Legend of Zelda: Oracle of Ages
Postman,Male,Hylian,The Legend of Zelda: Majora's Mask
Tetra,Female,Hylian,The Legend of Zelda: The Wind Waker
Syrup,Female,Human,The Legend of Zelda: A Link to the Past
Mother Maiamai,Female,Maiamai,The Legend of Zelda: A Link Between Worlds
Ponthos,Male,Hylian,The Legend of Zelda: Breath of the Wild
Street Merchant,Male, ,The Legend of Zelda: A Link to the Past
Pita,Female,Hylian,The Legend of Zelda: The Minish Cap
Carpet Merchant,Male,Human,The Legend of Zelda: Ocarina of Time
Bugut,Male,Hylian,The Legend of Zelda: Breath of the Wild
Telma,Female,Hylian,The Legend of Zelda: Twilight Princess
Tengoron,Male,Goron,The Legend of Zelda: Spirit Tracks
Bosco,Male,Human,Freshly-Picked Tingle's Rosy Rupeeland
Senza,Male,Hylian,The Legend of Zelda: The Wind Waker
Pikango,Male,Sheikah,The Legend of Zelda: Breath of the Wild
Teacher,Male,Hylian,The Legend of Zelda: Spirit Tracks
Blacksmith,Male,Hylian,The Legend of Zelda: A Link Between Worlds
Pippin,Male,Human,The Legend of Zelda: Oracle of Ages
Tanko,Male,Goron,The Legend of Zelda: Breath of the Wild
Pina,Female,Hylian,The Legend of Zelda: The Minish Cap
Item Seller,Female , ,The Legend of Zelda: A Link Between Worlds
Iris,Female,Human,The Legend of Zelda: Four Swords Adventures
Swamp Tourist Center Guide,Male,Hylian,The Legend of Zelda: Majora's Mask
Informant Woman,Female,Human,The Legend of Zelda: A Link to the Past
Mipha,Female,Zora,The Legend of Zelda: Breath of the Wild
Hunnie,Female,Hylian,The Legend of Zelda: Breath of the Wild
Stylish Woman,Female,Hylian,The Legend of Zelda: A Link Between Worlds
Irch,Male,Korok,The Legend of Zelda: The Wind Waker
Canolo,Female,Hylian,The Legend of Zelda: Breath of the Wild
Fugo,Male,Goron,The Legend of Zelda: Breath of the Wild
Strato,Male,Wind Tribe,The Legend of Zelda: The Minish Cap
Fofo,Unknown,Anouki,The Legend of Zelda: Phantom Hourglass
Nudge,Male,Hylian,The Legend of Zelda: The Wind Waker
Neri,Female,Fairy,The Legend of Zelda: Phantom Hourglass
Medda,Male,Hylian,The Legend of Zelda: Breath of the Wild
Urbosa,Female,Gerudo,The Legend of Zelda: Breath of the Wild
Niboshi,Female,Hylian,The Legend of Zelda: Spirit Tracks
Ferrus,Male,Hylian,The Legend of Zelda: Spirit Tracks
Greba,Female,Hylian,The Legend of Zelda: Skyward Sword
Marin,Female,Human,The Legend of Zelda: Link's Awakening
Greatblade,Male,Hylian,The Legend of Zelda: The Minish Cap
Breen,Female,Hylian,The Legend of Zelda: Breath of the Wild
Bozai,Male,Hylian,The Legend of Zelda: Breath of the Wild
Trill,Male , ,The Legend of Zelda: Twilight Princess
Great Fairy of Magic,Female,Great Fairy,The Legend of Zelda: Ocarina of Time
Ezlo,Male,Minish,The Legend of Zelda: The Minish Cap
Great Fairy of Forest,Female,Great Fairy,The Legend of Zelda: Four Swords
Strich,Male,Hylian,The Legend of Zelda: Skyward Sword
Cole,Male,Demon,The Legend of Zelda: Spirit Tracks
Grayblade,Male,Hylian,The Legend of Zelda: The Minish Cap
Bonooru,Male,Scarecrow,The Legend of Zelda: Ocarina of Time
Grimblade,Male,Hylian,The Legend of Zelda: The Minish Cap
Claree,Female,Sheikah,The Legend of Zelda: Breath of the Wild
Tina,Female,Hylian,The Legend of Zelda: The Minish Cap
Bludo,Male,Goron,The Legend of Zelda: Breath of the Wild
Siroc,Female,Wind Tribe,The Legend of Zelda: The Minish Cap
Tamana,Female,Hylian,The Legend of Zelda: Breath of the Wild
Bird Lover,Male,Hylian,The Legend of Zelda: A Link Between Worlds
Eddo,Male,Human,The Legend of Zelda: Phantom Hourglass
Big Brother Beaver,Male,Beaver,The Legend of Zelda: Majora's Mask
Sidon,Male,Zora,The Legend of Zelda: Breath of the Wild
Sumati,Female,Gerudo,The Legend of Zelda: Breath of the Wild
Bertie,Male,Hylian,The Legend of Zelda: Skyward Sword
Bella,Female,Human,Freshly-Picked Tingle's Rosy Rupeeland
Shiro,Male,Hylian,The Legend of Zelda: Ocarina of Time
Bohrin,Male,Goron,The Legend of Zelda: Breath of the Wild
Berry,Female,Hylian,The Legend of Zelda: The Minish Cap
Zunari,Male,Human,The Legend of Zelda: The Wind Waker
Baris,Male,Hylian,The Legend of Zelda: The Minish Cap
Zuko,Male,Hylian,The Legend of Zelda: The Wind Waker
Bargoh,Male,Goron,The Legend of Zelda: Breath of the Wild
Banji,Female,Hylian,The Legend of Zelda: Breath of the Wild
Aryll,Female,Hylian,The Legend of Zelda: The Wind Waker
Aya,Female,Hylian,The Legend of Zelda: Breath of the Wild
Perda,Female,Gerudo,The Legend of Zelda: Breath of the Wild
Ashai,Female,Gerudo,The Legend of Zelda: Breath of the Wild
Paul,Male,Human,Freshly-Picked Tingle's Rosy Rupeeland
Parcy,Female,Hylian,The Legend of Zelda: Breath of the Wild
Peater,Male,Hylian,The Legend of Zelda: Skyward Sword
Owlan,Male,Hylian,The Legend of Zelda: Skyward Sword
Aliza,Female,Hylian,The Legend of Zelda: Breath of the Wild
Huck,Male,Rito,The Legend of Zelda: Breath of the Wild
Aginah,Male,Hylian,The Legend of Zelda: A Link to the Past
Aba,Female,Hylian,Freshly-Picked Tingle's Rosy Rupeeland
Honcho,Male,Anouki,The Legend of Zelda: Spirit Tracks
Gor Liggs,Male,Goron,The Legend of Zelda: Twilight Princess
Link,Male,Hylian,The Legend of Zelda
Kili,Female,Hylian,The Legend of Zelda: Twilight Princess
Nali,Female,Gerudo,The Legend of Zelda: Breath of the Wild
Hino,Male,Hylian,The Legend of Zelda: Breath of the Wild
Onox,Male,Dragon,The Legend of Zelda: Oracle of Seasons
Mutoh,Male,Hylian,The Legend of Zelda: Majora's Mask
Hannah,Female,Hylian,The Legend of Zelda: Twilight Princess
Mysterious Man,Male,Hylian,The Legend of Zelda: A Link Between Worlds
Monkton,Male,Hylian,The Legend of Zelda: Breath of the Wild
Goron Link,Male,Goron,The Legend of Zelda: Majora's Mask
Goron Child,Male,Goron,The Legend of Zelda: Spirit Tracks
Gortram,Male,Goron,The Legend of Zelda: Skyward Sword
Gor Coron,Male,Goron,The Legend of Zelda: Twilight Princess
Gulley,Male,Hylian,The Legend of Zelda: A Link Between Worlds
Dovok,Male,Hylian,The Legend of Zelda: Spirit Tracks
Generalissimo,Male,Human,Freshly-Picked Tingle's Rosy Rupeeland
Dekadin,Male,Human,The Legend of Zelda: Oracle of Ages
Sagessa,Female,Hylian,The Legend of Zelda: Breath of the Wild
Doppel Master,Male,Human,The Legend of Zelda: Tri Force Heroes
Midna,Female,Twili,The Legend of Zelda: Twilight Princess
Dmitri,Male,Hylian,The Legend of Zelda: Breath of the Wild
Furosa,Female,Gerudo,The Legend of Zelda: Breath of the Wild
Sheik,Male ,Hylian,The Legend of Zelda: Ocarina of Time
Rumor Guy,Male,Hylian,The Legend of Zelda: A Link Between Worlds
Mesa,Male,Hylian,The Legend of Zelda: The Wind Waker
King Dodongo,Male,Dodongo,The Legend of Zelda: Ocarina of Time
Mayor Hagen,Male,Hylian,The Legend of Zelda: The Minish Cap
Kina,Female,Hylian,The Legend of Zelda: Skyward Sword
Cursed Rich Man,Male,/,The Legend of Zelda: Ocarina of Time
Trott,Male,Hylian,The Legend of Zelda: Breath of the Wild
Yuga Ganon,Male,Demon,The Legend of Zelda: A Link Between Worlds
Young Link,Male,Hylian,Hyrule Warriors
Cotera,Female,Great Fairy,The Legend of Zelda: Breath of the Wild
Man from Trading Post,Male,Hylian,The Legend of Zelda: Majora's Mask
Emma,Female,Hylian,The Legend of Zelda: The Minish Cap
Yeko,Male,Anouki,The Legend of Zelda: Spirit Tracks
Yamahiko,Male,Hylian,The Legend of Zelda: Spirit Tracks
Oren,Female,Zora,The Legend of Zelda: A Link Between Worlds
Titch,Male,Human,Freshly-Picked Tingle's Rosy Rupeeland
Teake,Female,Gerudo,The Legend of Zelda: Breath of the Wild
Orca,Male,Hylian,The Legend of Zelda: The Wind Waker
Ooccoo Jr.,Male,Oocca,The Legend of Zelda: Twilight Princess
Breve,Female,Hylian,The Legend of Zelda: The Minish Cap
Old Zora,Male,Zora,The Legend of Zelda: Oracle of Ages
Oolo,Male,Kikwi,The Legend of Zelda: Skyward Sword
Barta,Female,Gerudo,The Legend of Zelda: Breath of the Wild
Astrid,Female,Cobble,The Legend of Zelda: Phantom Hourglass
Harlow,Female,Hylian,The Legend of Zelda: Breath of the Wild
Hanch,Male,Human,The Legend of Zelda: Twilight Princess
Allan,Neuter,Poe,The Legend of Zelda: Oracle of Ages
Harrison,Male,Hylian,The Legend of Zelda: The Minish Cap
Monk Maz Koshia,Male,Sheikah,The Legend of Zelda: Breath of the Wild
Gixx,Male,Canine,Freshly-Picked Tingle's Rosy Rupeeland
Ghirahim,Male,Sword Spirit,The Legend of Zelda: Skyward Sword
Gerudo Warrior,Female,Gerudo,The Legend of Zelda: Ocarina of Time
Dento,Male,Zora,The Legend of Zelda: Breath of the Wild
Seres,Female,Human,The Legend of Zelda: A Link Between Worlds
Old Man Ulrira,Male,Human,The Legend of Zelda: Link's Awakening
Old Man,Male,Hylian,The Legend of Zelda
Official,Unknown,Hylian,The Legend of Zelda: A Link Between Worlds
Groose,Male,Hylian,The Legend of Zelda: Skyward Sword
Ganon,Male,Gerudo,The Legend of Zelda
Gage,Male,Lokomo,The Legend of Zelda: Spirit Tracks
Deku Link,Male,Deku Scrub,The Legend of Zelda: Majora's Mask
Deku Princess,Female,Deku Scrub,The Legend of Zelda: Majora's Mask
Saria,Female,Kokiri,The Legend of Zelda: Ocarina of Time
Sahasrahla,Male,Hylian,The Legend of Zelda: A Link to the Past
Mina,Female,Hylian,The Legend of Zelda: Breath of the Wild
Mils,Male,Hylian,The Legend of Zelda: Breath of the Wild
Mikau,Male,Zora,The Legend of Zelda: Majora's Mask
Fyer,Male,Hylian,The Legend of Zelda: Twilight Princess
Foolish Monkey,Male,Monkey,The Legend of Zelda: Majora's Mask
Dangoro,Male,Goron,The Legend of Zelda: Twilight Princess
Rutela,Female,Zora,The Legend of Zelda: Twilight Princess
Medicine Shop Owner,Male,Hylian,The Legend of Zelda: Ocarina of Time
Mazli,Male,Rito,The Legend of Zelda: Breath of the Wild
Maypin,Male,Hylian,The Legend of Zelda: Breath of the Wild
Mayor Ruul,Male,Human,The Legend of Zelda: Oracle of Seasons
Uriko,Female,Hylian,The Legend of Zelda: Spirit Tracks
Fi,Genderless ,Sword Spirit,The Legend of Zelda: Skyward Sword
Fegran,Female,Gerudo,The Legend of Zelda: Breath of the Wild
Customer,Male,Hylian,The Legend of Zelda: A Link Between Worlds
Rotana,Female,Gerudo,The Legend of Zelda: Breath of the Wild
Mayor Bo,Male,Human,The Legend of Zelda: Twilight Princess
Masked Granny,Female,Hylian,The Legend of Zelda: A Link Between Worlds
Max,Male,Cobble,The Legend of Zelda: Phantom Hourglass
Marot,Female,Zora,The Legend of Zelda: Breath of the Wild
Man in Tavern,Male,Hylian,The Legend of Zelda: A Link to the Past
Tumble,Male,Human,Freshly-Picked Tingle's Rosy Rupeeland
Trissa,Female,Sheikah,The Legend of Zelda: Breath of the Wild
Trello,Male,Zora,The Legend of Zelda: Breath of the Wild
Town Tool Shopkeeper,Male,Human,The Legend of Zelda: Link's Awakening
Essa,Female,Gerudo,The Legend of Zelda: Breath of the Wild
Error,Male,Hylian,Zelda II: The Adventure of Link
Cremia,Female,Hylian,The Legend of Zelda: Majora's Mask
Coliseum Receptionist,Male,Human,The Legend of Zelda: A Link Between Worlds
Croo,Male,Hylian,The Legend of Zelda: Skyward Sword
Cloyne,Male,Hylian,The Legend of Zelda: Breath of the Wild
Romah,Female,Gerudo,The Legend of Zelda: Breath of the Wild
Mamu,Male,Frog,The Legend of Zelda: Link's Awakening
Toto,Male,Zora,The Legend of Zelda: Majora's Mask
Toon Link,Male,Hylian,Hyrule Warriors
Torfeau,Female,Zora,The Legend of Zelda: Breath of the Wild
Toma,Female,Hylian,The Legend of Zelda: Breath of the Wild
Toby,Male,Hylian,The Legend of Zelda: Skyward Sword
Thadd,Male,Hylian,The Legend of Zelda: Breath of the Wild
Chai,Female,Hylian,The Legend of Zelda: The Minish Cap
Teddy Todo,Male,Unknown,Freshly-Picked Tingle's Rosy Rupeeland
Tauma,Female,Hylian,The Legend of Zelda: Breath of the Wild
Talon,Male, ,The Legend of Zelda: Ocarina of Time
Tael,Male,Fairy,The Legend of Zelda: Majora's Mask
Byrne,Male,Lokomo,The Legend of Zelda: Spirit Tracks
Buliara,Female,Gerudo,The Legend of Zelda: Breath of the Wild
Bucha,Male,Kikwi,The Legend of Zelda: Skyward Sword
Brigo,Male,Hylian,The Legend of Zelda: Breath of the Wild
Bremeur,Male,Cobble,The Legend of Zelda: Phantom Hourglass
Sudrey,Female,Gerudo,The Legend of Zelda: Breath of the Wild
Bouldering Guy,Male,Hylian,The Legend of Zelda: A Link Between Worlds
Bolson,Male,Hylian,The Legend of Zelda: Breath of the Wild
Boldon,Male,Goron,The Legend of Zelda: Breath of the Wild
Blossom,Female,Human,The Legend of Zelda: Oracle of Seasons
Bindle,Male,Hylian,The Legend of Zelda: The Minish Cap
Beth,Female,Human,The Legend of Zelda: Twilight Princess
Beret Boy,Male,Human,The Legend of Zelda: Tri Force Heroes
Bean Seller,Male,Hylian,The Legend of Zelda: Ocarina of Time
Batreaux,Male,Demon,The Legend of Zelda: Skyward Sword
Auru,Male,Hylian,The Legend of Zelda: Twilight Princess
Ashe,Male,Hylian,The Legend of Zelda: Breath of the Wild
Armourer,Male,Human,Freshly-Picked Tingle's Rosy Rupeeland
Ankle,Male,Hylian,The Legend of Zelda: The Wind Waker
Amali,Female,Rito,The Legend of Zelda: Breath of the Wild
Aldo,Male,Korok,The Legend of Zelda: The Wind Waker
Agus,Male,Hylian,The Legend of Zelda: Breath of the Wild
Agahnim,Male,Demon,The Legend of Zelda: A Link to the Past
Graceful Goron,Male,Goron,The Legend of Zelda: Oracle of Ages
Gor Amoto,Male,Goron,The Legend of Zelda: Twilight Princess
Sheila,Female,Hylian,The Legend of Zelda: The Minish Cap
Olkin,Male,Sheikah,The Legend of Zelda: Breath of the Wild
Morris,Male,Hylian,The Legend of Zelda: Spirit Tracks
Scarblade,Male,Hylian,The Legend of Zelda: The Minish Cap
Wolf Link,Male,Wolf,The Legend of Zelda: Twilight Princess
Misha,Female,Hylian,The Legend of Zelda: Twilight Princess
Gaepora,Male,Hylian,The Legend of Zelda: Skyward Sword
Mija,Female,Great Fairy,The Legend of Zelda: Breath of the Wild
Flute Boy,Male, ,The Legend of Zelda: A Link to the Past
Running Man,Male,Hylian,The Legend of Zelda: A Link to the Past
Meghyn,Female,Hylian,The Legend of Zelda: Breath of the Wild
Vasu,Male,Human,The Legend of Zelda: Oracle of Seasons
Fisherman,Male, ,The Legend of Zelda: Link's Awakening
Man of Smiles,Male,Human,The Legend of Zelda: Phantom Hourglass
Roland,Male,Human,Freshly-Picked Tingle's Rosy Rupeeland
Ernesto,Male,Human?,Freshly-Picked Tingle's Rosy Rupeeland
Cheval,Male,Human,The Legend of Zelda: Oracle of Ages
Thief Girl,Female,Hylian,The Legend of Zelda: A Link Between Worlds
Teebo,Male,Hylian,The Legend of Zelda: Breath of the Wild
Swiftblade I,Male,Hylian,The Legend of Zelda: The Minish Cap
Bronzi,Male,Mogma,The Legend of Zelda: Skyward Sword
Bayge,Male,Goron,The Legend of Zelda: Breath of the Wild
